{"Faculty Club": [42.365978, -71.261122], "Village Cafe": [42.363144, -71.260408], "The Stein": [42.366398, -71.260733], "Usdan": [42.36815, -71.257176], "Sherman": [42.366574, -71.260501], "Peet's Coffee and Tea": [42.366088, -71.257885], "Quad Cafe": [42.369694, -71.25823], "Farber-Library Cafe": [42.367851, -71.258439], "Einstein Bros. Bagels": [42.365733, -71.260185], "Hoot Market": [42.368271, -71.256979], "Heller-Brown Cafe": [42.369188, -71.258832]}