{"Gordon Field (soccer)": [42.362368, -71.258968], "Gosman Sports and Convocation Center": [42.365179, -71.255604], "Rieger Tennis Courts": [42.364545, -71.253718], "Village Fitness center": [42.363232, -71.260269], "Marcus Field (baseball)": [42.363977, -71.256273]}