{"Hassenfeld Lot": [42.36658, -71.2618], "Tower Lot": [42.370347, -71.258644], "Admissions Lot": [42.364488, -71.2603], "Science Lot": [42.366446, -71.257147], "Athletics Lot": [42.364713, -71.256896], "Theatre Lot": [42.3637, -71.262657]}